Region,Subregion,Scores
Europe,Northern Europe,11
Europe,Western Europe,11
Europe,Southern Europe,11
Americas,Northern America,7
Europe,Northern Europe,6
Oceania,Australia and New Zealand,3
Europe,Western Europe,3
Asia,Eastern Asia,3
Europe,Northern Europe,2
Europe,Northern Europe,1
Americas,Northern America,0
Asia,Eastern Asia,0
Asia,South-Eastern Asia,0
Asia,Western Asia,0
Europe,Eastern Europe,-1
Europe,Western Europe,-1
Europe,Northern Europe,-1
Africa,Eastern Africa,-1
Asia,Southern Asia,-2
Asia,Southern Asia,-2
Americas,South America,-3
Asia,South-Eastern Asia,-3
Americas,Caribbean,-3
Europe,Southern Europe,-4
Africa,Western Africa,-4
Asia,Eastern Asia,-4
Asia,South-Eastern Asia,-6
Asia,Southern Asia,-8
Americas,Central America,-15
