ISO,Country Name,Neuroticism Score
USA,United States,9
MEX,Mexico,7
AUS,Australia,6
JPN,Japan,6
RUS,Russia,5
TWN,Taiwan,5
IND,India,3
IRL,Ireland,3
BRA,Brazil,2
ESP,Spain,2
COL,Colombia,1
CHN,China,0
CAN,Canada,-1
DEU,Germany,-1
VNM,Vietnam,-1
THA,Thailand,-1
PRT,Portugal,-1
SGP,Singapore,-1
SWE,Sweden,-2
IDN,Indonesia,-2
PAK,Pakistan,-2
POL,Poland,-2
JAM,Jamaica,-2
GEO,Georgia,-2
TUR,Turkey,-2
CHE,Switzerland,-3
AFG,Afghanistan,-3
KOR,South Korea,-3
ITA,Italy,-4
NGA,Nigeria,-4
GBR,United Kingdom,-7
FRA,France,-7
