ISO,Country Name,Extroversion Score
GBR,United Kingdom,13
AUS,Australia,7
ITA,Italy,7
IRL,Ireland,5
JPN,Japan,3
NGA,Nigeria,3
IDN,Indonesia,3
ESP,Spain,3
FRA,France,2
USA,United States,2
GEO,Georgia,1
AFG,Afghanistan,1
JAM,Jamaica,1
GRL,Greenland,1
CHN,China,0
VNM,Vietnam,0
BRA,Brazil,0
CMR,Cameroon,0
NLD,Netherlands,0
THA,Thailand,-1
DEU,Germany,-1
ISR,Israel,-1
BGD,Bangladesh,-1
TUR,Turkey,-1
FIN,Finland,-1
CHE,Switzerland,-2
PAK,Pakistan,-3
IND,India,-4
CAN,Canada,-4
RUS,Russia,-5
TWN,Taiwan,-6
SWE,Sweden,-8
MEX,Mexico,-11
