ISO,Country Name,All Count
CHN,china,620
GBR,united kingdom,602
IND,india,579
DEU,germany,457
CAN,canada,452
JPN,japan,449
AUS,australia,416
FRA,france,354
USA,united states,338
IRL,ireland,322
MEX,mexico,308
BRA,brazil,281
ITA,italy,206
RUS,russia,206
ESP,spain,118
IDN,indonesia,102
TWN,taiwan,55
NGA,nigeria,51
SWE,sweden,49
AFG,afghanistan,38
PAK,pakistan,32
CHE,switzerland,26
THA,thailand,24
VNM,vietnam,22
JAM,jamaica,21
GEO,georgia,12
CMR,cameroon,7
GHA,ghana,6
TUR,turkey,6
NOR,norway,5
KOR,south korea,4
KEN,kenya,3
NLD,netherlands,3
GRL,greenland,2
POL,poland,2
FIN,finland,2
COL,colombia,2
MYS,malaysia,2
SOM,somalia,1
BRB,barbados,1
ZWE,zimbabwe,1
MUS,mauritius,1
MDG,madagascar,1
ISR,israel,1
BGD,bangladesh,1
NPL,nepal,1
SGP,singapore,1
PRT,portugal,1
HTI,haiti,1
