ISO,Country Name,Openness Score
DEU,Germany,15
RUS,Russia,10
USA,United States,9
ITA,Italy,9
JPN,Japan,7
IRL,Ireland,4
GBR,United Kingdom,3
IDN,Indonesia,1
CHE,Switzerland,1
NLD,Netherlands,1
GEO,Georgia,1
COL,Colombia,1
CHN,China,0
AUS,Australia,0
VNM,Vietnam,0
MYS,Malaysia,0
CAN,Canada,-1
NOR,Norway,-1
ZWE,Zimbabwe,-1
KEN,Kenya,-1
NPL,Nepal,-1
GRL,Greenland,-1
IND,India,-2
SWE,Sweden,-2
NGA,Nigeria,-2
GHA,Ghana,-2
TWN,Taiwan,-3
JAM,Jamaica,-3
AFG,Afghanistan,-3
FRA,France,-4
PAK,Pakistan,-4
ESP,Spain,-5
THA,Thailand,-5
BRA,Brazil,-6
MEX,Mexico,-15
