ISO,Country Name,Neuroticism Count
GBR,united kingdom,121
CHN,china,120
IND,india,109
JPN,japan,88
CAN,canada,87
DEU,germany,85
AUS,australia,78
USA,united states,75
FRA,france,73
IRL,ireland,69
MEX,mexico,59
BRA,brazil,48
ITA,italy,46
RUS,russia,39
ESP,spain,24
IDN,indonesia,16
SWE,sweden,10
TWN,taiwan,9
CHE,switzerland,7
AFG,afghanistan,7
VNM,vietnam,5
PAK,pakistan,4
NGA,nigeria,4
KOR,south korea,3
POL,poland,2
JAM,jamaica,2
GEO,georgia,2
TUR,turkey,2
COL,colombia,1
THA,thailand,1
PRT,portugal,1
SGP,singapore,1
