ISO,Country Name,Openness Count
GBR,united kingdom,121
CHN,china,120
IND,india,112
JPN,japan,91
CAN,canada,87
AUS,australia,84
DEU,germany,81
FRA,france,66
IRL,ireland,64
BRA,brazil,62
USA,united states,61
MEX,mexico,49
ITA,italy,39
RUS,russia,38
IDN,indonesia,25
ESP,spain,23
NGA,nigeria,14
TWN,taiwan,11
PAK,pakistan,8
JAM,jamaica,7
THA,thailand,7
SWE,sweden,6
CHE,switzerland,5
GHA,ghana,4
AFG,afghanistan,3
VNM,vietnam,2
MYS,malaysia,2
NLD,netherlands,1
GEO,georgia,1
COL,colombia,1
NOR,norway,1
ZWE,zimbabwe,1
KEN,kenya,1
NPL,nepal,1
GRL,greenland,1
