ISO,Country Name,Extroversion Count
CHN,china,120
IND,india,116
GBR,united kingdom,101
JPN,japan,91
DEU,germany,89
CAN,canada,84
AUS,australia,81
MEX,mexico,69
FRA,france,60
BRA,brazil,58
IRL,ireland,57
USA,united states,52
RUS,russia,35
ITA,italy,31
ESP,spain,29
IDN,indonesia,19
SWE,sweden,18
TWN,taiwan,18
NGA,nigeria,17
AFG,afghanistan,11
THA,thailand,7
PAK,pakistan,7
VNM,vietnam,6
JAM,jamaica,5
CMR,cameroon,4
CHE,switzerland,4
NLD,netherlands,2
GEO,georgia,1
GRL,greenland,1
ISR,israel,1
BGD,bangladesh,1
TUR,turkey,1
FIN,finland,1
