Region,Subregion,Scores
Europe,Northern Europe,15
Europe,Southern Europe,12
Americas,Northern America,10
Europe,Western Europe,8
Europe,Western Europe,8
Europe,Eastern Europe,5
Americas,Northern America,1
Oceania,Australia and New Zealand,1
Asia,Western Asia,1
Asia,Eastern Asia,0
Europe,Western Europe,0
Europe,Northern Europe,0
Europe,Northern Europe,-1
Asia,South-Eastern Asia,-1
Asia,Southern Asia,-1
Americas,Caribbean,-1
Asia,Southern Asia,-1
Africa,Western Africa,-1
Asia,Eastern Asia,-1
Asia,Southern Asia,-2
Europe,Southern Europe,-2
Africa,Middle Africa,-2
Americas,South America,-3
Asia,South-Eastern Asia,-3
Asia,Eastern Asia,-4
Africa,Western Africa,-4
Asia,South-Eastern Asia,-4
Asia,Western Asia,-4
Asia,Eastern Asia,-7
Americas,Central America,-19
