Region,Subregion,Scores
Europe,Northern Europe,13
Oceania,Australia and New Zealand,7
Europe,Southern Europe,7
Europe,Northern Europe,5
Asia,Eastern Asia,3
Africa,Western Africa,3
Asia,South-Eastern Asia,3
Europe,Southern Europe,3
Europe,Western Europe,2
Americas,Northern America,2
Asia,Western Asia,1
Asia,Southern Asia,1
Americas,Caribbean,1
Americas,Northern America,1
Asia,Eastern Asia,0
Asia,South-Eastern Asia,0
Americas,South America,0
Africa,Middle Africa,0
Europe,Western Europe,0
Asia,South-Eastern Asia,-1
Europe,Western Europe,-1
Asia,Western Asia,-1
Asia,Southern Asia,-1
Asia,Western Asia,-1
Europe,Northern Europe,-1
Europe,Western Europe,-2
Asia,Southern Asia,-3
Asia,Southern Asia,-4
Americas,Northern America,-4
Europe,Eastern Europe,-5
Asia,Eastern Asia,-6
Europe,Northern Europe,-8
Americas,Central America,-11
