Region,Subregion,Scores
Americas,Northern America,9
Americas,Central America,7
Oceania,Australia and New Zealand,6
Asia,Eastern Asia,6
Europe,Eastern Europe,5
Asia,Eastern Asia,5
Asia,Southern Asia,3
Europe,Northern Europe,3
Americas,South America,2
Europe,Southern Europe,2
Americas,South America,1
Asia,Eastern Asia,0
Americas,Northern America,-1
Europe,Western Europe,-1
Asia,South-Eastern Asia,-1
Asia,South-Eastern Asia,-1
Europe,Southern Europe,-1
Asia,South-Eastern Asia,-1
Europe,Northern Europe,-2
Asia,South-Eastern Asia,-2
Asia,Southern Asia,-2
Europe,Eastern Europe,-2
Americas,Caribbean,-2
Asia,Western Asia,-2
Asia,Western Asia,-2
Europe,Western Europe,-3
Asia,Southern Asia,-3
Asia,Eastern Asia,-3
Europe,Southern Europe,-4
Africa,Western Africa,-4
Europe,Northern Europe,-7
Europe,Western Europe,-7
