Region,Subregion,Scores
Europe,Western Europe,15
Europe,Eastern Europe,10
Americas,Northern America,9
Europe,Southern Europe,9
Asia,Eastern Asia,7
Europe,Northern Europe,4
Europe,Northern Europe,3
Asia,South-Eastern Asia,1
Europe,Western Europe,1
Europe,Western Europe,1
Asia,Western Asia,1
Americas,South America,1
Asia,Eastern Asia,0
Oceania,Australia and New Zealand,0
Asia,South-Eastern Asia,0
Asia,South-Eastern Asia,0
Americas,Northern America,-1
Europe,Northern Europe,-1
Africa,Eastern Africa,-1
Africa,Eastern Africa,-1
Asia,Southern Asia,-1
Americas,Northern America,-1
Asia,Southern Asia,-2
Europe,Northern Europe,-2
Africa,Western Africa,-2
Africa,Western Africa,-2
Asia,Eastern Asia,-3
Americas,Caribbean,-3
Asia,Southern Asia,-3
Europe,Western Europe,-4
Asia,Southern Asia,-4
Europe,Southern Europe,-5
Asia,South-Eastern Asia,-5
Americas,South America,-6
Americas,Central America,-15
